Bob,bob@bob.com,31
Derek,derek@bob.com,25
Anna,anna@clothes.com,25
Jenny,jenny@toys.com,52
Pete,pete@timber.com,57
Kerry,kerry@oilcompany.org,29
Joe,joe@construction.net,28
Nigel,nigel@marketing.com,40
Amber,amber@gmail.com,12
Finn,finn@gmail.com,15
Alan,alan@lonely.org,23
Dave,dave@dentists.com,49
